Season,Team1,Team2,SeedDiff,AvgScoringMarginDiff,WinRateDiff,EFGDifferentialDiff,Target
2010,3124,3201,-9,2.371212121212121,-0.09943181818181823,0.053358047387412566,1
2010,3173,3395,-1,-0.73076923076923,0.07435897435897443,-0.005113068582030644,1
2010,3181,3214,-13,8.83125,0.2104166666666667,0.0547590969681071,1
2010,3199,3256,-11,4.431182795698925,0.09139784946236562,0.03951620804110778,1
2010,3207,3265,-7,-0.6060606060606073,0.0121212121212122,-0.08756104618505206,1
2010,3208,3408,-7,-1.268145161290322,-0.07056451612903225,-0.015717775227322872,1
2010,3211,3314,-3,15.29032258064516,0.25027808676307006,0.08740446659101525,1
2010,3234,3353,-1,2.5625,0.03125,0.0037669355479944544,1
2010,3246,3251,-9,0.1950431034482758,-0.04633620689655171,-0.04361162698474674,1
2010,3216,3261,3,-4.370411568409345,0.18131256952169073,0.03353840393956764,0
2010,3132,3277,7,5.5415444770283475,0.10850439882697949,0.001617263665351254,0
2010,3151,3329,9,0.53125,0.0625,0.017731063657663027,0
2010,3343,3385,5,6.807142857142857,0.12857142857142856,0.06884819730054059,0
2010,3390,3415,-15,22.8125,0.4375,0.13589536174597022,1
2010,3122,3397,15,-23.0,-0.46875,-0.16589875994844816,0
2010,3340,3401,13,-13.911637931034482,-0.26400862068965514,-0.07329310648121873,0
2010,3114,3210,5,5.875,0.09375,0.04901308711977054,1
2010,3163,3380,-15,28.808189655172413,0.27586206896551724,0.20983921918834553,1
2010,3235,3250,-9,1.2142857142857153,-0.1428571428571429,0.038932284072068224,1
2010,3280,3292,-3,-7.107526881720428,-0.22043010752688175,-0.036425353854090126,1
2010,3304,3320,-15,17.15806451612903,0.4505376344086022,0.10042157023763298,1
2010,3156,3323,13,-11.549395161290322,-0.2631048387096774,-0.05252764964853346,0
2010,3326,3384,-13,13.481973434535103,0.33396584440227706,0.09428757906948482,1
2010,3328,3355,-11,-7.46969696969697,-0.003030303030302939,-0.07653033848156915,1
2010,3361,3400,5,-1.91633064516129,-0.01008064516129037,-0.00450669076257737,1
2010,3241,3396,1,3.21875,0.0625,0.03561018817798939,0
2010,3301,3417,1,-6.7696969696969695,-0.1272727272727272,-0.04990272004633728,0
2010,3177,3435,5,-2.78125,-0.03125,-0.05649190679907262,0
2010,3436,3458,3,4.451612903225806,0.12903225806451613,-0.009392391868068173,1
2010,3249,3452,11,-4.194525904203323,-0.07429130009775176,-0.011333195115985462,0
2010,3438,3453,-7,-8.666666666666668,-0.16666666666666674,-0.06496410396028279,0
2010,3190,3462,11,-9.221357063403783,-0.1546162402669633,-0.08604782137591321,0
2010,3124,3207,-1,5.583333333333334,-0.08125000000000004,0.1146013884904879,1
2010,3181,3261,-5,-0.7101293103448292,0.15409482758620685,0.014663375734327244,1
2010,3199,3385,-3,1.5666666666666664,0.033333333333333326,0.05082576694196622,1
2010,3208,3329,1,3.294354838709678,0.05443548387096775,0.021091385934283724,1
2010,3211,3401,5,8.10282258064516,0.08971774193548387,0.03201002394064306,1
2010,3246,3277,-1,7.716733870967742,0.07157258064516125,-0.020881426616593646,1
2010,3234,3390,7,-19.8125,-0.375,-0.12989932351836664,0
2010,3173,3397,7,-6.13701923076923,-0.1298076923076923,-0.061831221785350166,0
2010,3163,3396,-7,27.09375,0.25,0.1874957059459913,1
2010,3235,3453,-8,-3.5476190476190474,-0.1166666666666667,0.04678245357573735,1
2010,3280,3326,5,-6.127134724857683,-0.26944971537001894,-0.03787661993106506,1
2010,3304,3417,-7,9.766666666666666,0.2333333333333334,0.04467883179221116,1
2010,3323,3436,-8,3.96875,0.037298387096774244,-0.011701533152368382,1
2010,3114,3328,8,9.407196969696969,0.11553030303030298,0.023726272575872953,0
2010,3361,3452,8,-3.8074291300097745,-0.17106549364613888,0.0028518401691325357,1
2010,3435,3462,3,-9.306034482758621,-0.20905172413793105,-0.0349554360049244,0
2010,3124,3397,3,-2.15625,-0.21875,-0.009466290641407749,1
2010,3181,3361,-9,8.85383064516129,0.16633064516129037,-0.007280281153017265,1
2010,3208,3390,4,-14.736895161290322,-0.22681451612903225,-0.12139892936532043,0
2010,3211,3462,4,7.359288097886539,-0.025583982202447175,0.011171712854949167,0
2010,3163,3235,-3,21.901785714285715,0.25,0.12338484635888403,1
2010,3199,3280,-4,4.140860215053763,0.22043010752688175,0.054322673178546,1
2010,3246,3304,3,-3.1187499999999986,-0.18541666666666667,-0.04760082989400588,1
2010,3323,3328,-1,9.938446969696969,0.14678030303030298,0.015424493561078279,0
2010,3124,3181,2,-1.28125,-0.125,0.04784136811453671,1
2010,3390,3462,-2,7.225215517241379,0.07219827586206895,0.05263306100191162,1
2010,3163,3199,-2,19.820833333333333,0.16666666666666663,0.12523416961685552,1
2010,3246,3328,1,10.750946969696969,0.08428030303030298,0.013546697414205278,0
2010,3124,3163,3,-18.9375,-0.28125,-0.11653234705506615,0
2010,3328,3390,2,-18.12594696969697,-0.271780303030303,-0.1286993845294006,0
2010,3163,3390,0,11.03125,0.03125,0.06135541723657112,1
2011,3177,3298,-11,10.468129571577848,0.19749216300940442,0.04640935812772118,1
2011,3181,3404,-13,10.644153225806452,0.22883064516129037,0.024544028538248386,1
2011,3132,3210,7,5.398674242424242,0.17803030303030298,0.04027752416704822,0
2011,3211,3234,5,16.304783092324808,0.1468298109010011,0.0744910800854302,1
2011,3214,3246,9,3.079637096774194,0.056451612903225756,0.07863940256705265,0
2011,3235,3265,-3,-7.06048387096774,-0.24798387096774188,-0.0016651349037173357,0
2011,3266,3400,-1,-0.673387096774194,0.14818548387096775,0.005215184024727204,1
2011,3201,3314,7,-5.873161764705884,0.016544117647058876,-0.055703262181291624,0
2011,3323,3428,-13,21.773216031280548,0.27174975562072334,0.0732794071424217,1
2011,3326,3416,-9,1.1838709677419352,0.022580645161290325,0.05599519526721286,1
2011,3173,3336,5,-0.645161290322581,-0.032258064516129115,-0.01178119458051441,0
2011,3385,3403,1,-2.808467741935484,-0.01008064516129037,-0.021436931437215867,1
2011,3390,3413,-15,15.68951612903226,0.18548387096774188,0.14020277537060477,1
2011,3113,3396,-3,-9.691397849462366,-0.07526881720430112,-0.09458343675074482,0
2011,3391,3397,15,-23.044354838709676,-0.3558467741935484,-0.11059820418111121,0
2011,3285,3417,11,-10.518279569892472,-0.3182795698924732,-0.055550145837935605,0
2011,3124,3341,-15,22.738636363636363,0.28314393939393945,0.10037459653065767,1
2011,3163,3216,-15,27.414772727272727,0.4384469696969697,0.1779676015977278,1
2011,3199,3359,-11,1.8666666666666663,0.0,-0.047454922826156654,1
2011,3207,3343,-7,-12.504761904761907,-0.19047619047619047,-0.10682315287653948,1
2011,3208,3292,-5,-3.0096774193548397,-0.08924731182795709,-0.0416273388646064,1
2011,3257,3435,-3,3.25,-0.030172413793103425,-0.031030498894475678,1
2011,3268,3384,-9,12.00909090909091,0.10000000000000009,0.0760463674876688,1
2011,3205,3274,11,-13.138709677419357,-0.20430107526881724,-0.03142669858946184,0
2011,3277,3320,-9,-2.37399193548387,-0.005040322580645129,-0.040497513681511,1
2011,3241,3328,5,-0.1491935483870961,0.11794354838709675,0.0056574476168271826,0
2011,3243,3345,-1,-1.580645161290323,0.032258064516129004,-0.013861563232884122,0
2011,3256,3353,3,6.2333333333333325,0.16666666666666674,-0.0031775329813584774,0
2011,3270,3401,13,-12.50952380952381,-0.04761904761904767,-0.04170632255919715,0
2011,3222,3452,-1,-4.82258064516129,0.11995967741935487,-0.044386379756587546,0
2011,3114,3453,7,-16.457575757575757,-0.203030303030303,-0.03850487275653375,0
2011,3355,3462,13,-12.279094827586206,-0.33728448275862066,-0.04110997446024106,0
2011,3177,3336,-3,5.993157380254154,0.10850439882697949,0.05123972106195779,1
2011,3181,3265,-8,-1.9042338709677402,-0.029233870967741882,-0.038919448687467995,1
2011,3211,3417,8,12.513978494623657,0.004301075268817178,0.07554777985344041,1
2011,3246,3314,-1,-7.560661764705884,-0.014705882352941124,-0.11012655069991156,0
2011,3323,3396,-8,10.257086999022484,0.045943304007820096,0.046598698684121975,1
2011,3210,3326,1,2.0575757575757576,-0.003030303030302939,-0.0315771796591251,0
2011,3385,3390,8,-18.935483870967744,-0.25806451612903225,-0.15118443686988636,0
2011,3266,3397,7,-17.173387096774192,-0.22681451612903225,-0.11565351473629787,0
2011,3124,3452,-8,12.863636363636363,0.22064393939393945,0.08052670479432167,1
2011,3163,3345,-8,21.114369501466275,0.3245356793743891,0.1305184030224078,1
2011,3207,3268,1,-8.366666666666667,-0.10000000000000009,-0.05266291087712288,1
2011,3199,3208,-3,2.876344086021505,0.08924731182795709,0.02961177518117053,0
2011,3257,3462,5,-8.060344827586206,-0.30603448275862066,-0.05793096961861305,1
2011,3274,3328,-3,8.463709677419356,0.21471774193548387,0.00860718989576753,0
2011,3353,3401,5,-16.9,-0.2333333333333334,-0.014612478190737632,0
2011,3277,3453,-1,-9.725317693059628,-0.13098729227761485,-0.050595751349034934,0
2011,3211,3257,4,12.330645161290324,0.24596774193548387,0.04435764222079486,1
2011,3323,3328,-4,13.140151515151516,0.13162878787878785,0.06737652737981598,1
2011,3314,3390,4,-8.035104364326376,-0.17077798861480076,-0.08853440369672494,0
2011,3326,3397,3,-16.925,-0.26875000000000004,-0.08934285654779373,0
2011,3124,3453,-4,3.6060606060606055,-0.030303030303030276,0.053409610814349695,1
2011,3163,3207,-4,21.66060606060606,0.3030303030303031,0.1748857658222906,1
2011,3177,3181,1,-1.4251893939393945,-0.08806818181818177,0.027973371935896163,0
2011,3208,3401,4,-14.076344086021507,-0.15591397849462374,-0.03282126294180959,0
2011,3323,3397,1,-2.1098484848484844,-0.18087121212121215,-0.04326952516567589,1
2011,3211,3390,10,-1.483870967741936,-0.06451612903225801,-0.0647239246870217,0
2011,3163,3181,-1,11.696022727272727,0.06344696969696972,0.13163801557227378,1
2011,3124,3401,-1,5.996969696969696,0.10606060606060608,0.09460772147153873,0
2011,3163,3323,-1,5.212121212121211,0.18181818181818188,0.0798439243561343,0
2011,3390,3401,-1,4.697849462365593,0.10215053763440851,0.1089135601810598,0
2011,3323,3401,0,2.1484848484848484,-0.045454545454545525,0.04967789782927445,0
2012,3116,3173,-5,-1.3000000000000007,-0.05977011494252882,-0.008143836205827426,1
2012,3163,3341,-15,32.36147186147186,0.4145021645021645,0.22794548081673704,1
2012,3140,3177,3,6.32258064516129,0.11895161290322576,0.05496242163466597,0
2012,3211,3353,5,8.04516129032258,0.13870967741935492,0.00010328254072389242,1
2012,3243,3343,-1,-18.40625,-0.2633928571428571,-0.07380222310378548,1
2012,3246,3270,-13,5.257142857142858,0.014285714285714346,-0.00965526139341033,1
2012,3257,3277,-3,0.35483870967741993,0.06451612903225812,0.0044926063824243245,1
2012,3268,3298,-13,15.659139784946237,0.3365591397849462,0.056056691316973994,1
2012,3226,3274,11,-16.41625615763547,-0.06280788177339902,-0.05697198550385302,0
2012,3345,3355,-9,-2.451612903225806,0.0,-0.024525402512535543,1
2012,3185,3376,7,0.19166666666666643,0.014583333333333282,-0.054751604588308245,0
2012,3214,3390,15,-3.494612068965516,-0.10668103448275867,-0.04968512527889479,0
2012,3397,3404,-13,1.6387096774193548,-0.008602150537634468,0.02470568196721823,1
2012,3107,3401,11,-2.226814516129032,0.022177419354838745,0.0018269927255695206,0
2012,3400,3452,1,-7.463709677419355,-0.13810483870967738,-0.04138987912210851,0
2012,3235,3453,3,-13.866666666666665,-0.3666666666666667,-0.04620518705960441,0
2012,3124,3364,-15,24.91003787878788,0.46875,0.13465917763179275,1
2012,3143,3234,-1,3.1515151515151523,0.09393939393939399,-0.019899696985284765,1
2012,3114,3174,11,-14.369959677419356,-0.342741935483871,-0.05399609019214502,0
2012,3181,3359,-13,15.812013348164626,0.18242491657397109,0.02130964315237277,1
2012,3196,3326,1,-4.954838709677419,-0.18709677419354842,-0.05684280306863043,1
2012,3201,3207,7,4.972727272727273,0.11515151515151523,0.03435413065383447,0
2012,3210,3357,-9,3.8125,-0.03125,0.005822118420710953,1
2012,3242,3304,5,-4.689583333333333,-0.15000000000000002,0.0252810551481204,1
2012,3261,3361,-7,-2.826612903225806,-0.11895161290322576,0.03360147285798121,1
2012,3208,3265,-9,1.0463362068965516,-0.05711206896551724,-0.04496797948202391,0
2012,3251,3323,15,-16.687565308254964,-0.1849529780564263,-0.053354171746441637,0
2012,3276,3328,5,0.9874999999999998,0.04166666666666663,-0.022392082684623005,0
2012,3336,3431,-9,0.2101293103448274,-0.1131465517241379,-0.006041315298921657,1
2012,3195,3382,7,8.825,0.027083333333333348,0.04076940850842836,0
2012,3166,3385,11,-2.384072580645161,-0.08467741935483875,0.005834446021059703,0
2012,3292,3435,3,0.16129032258064413,0.12903225806451613,-0.04818836998531739,0
2012,3163,3243,-7,29.482007575757574,0.2850378787878788,0.1937780525679501,1
2012,3211,3274,8,-6.426267281105993,0.017281105990783474,-0.034466712868186256,1
2012,3246,3453,-5,-4.566666666666665,-0.16666666666666663,-0.07845299379581722,1
2012,3257,3268,5,-11.129032258064516,-0.19354838709677413,-0.07122936482506775,0
2012,3345,3376,-1,-2.810483870967742,0.02318548387096775,0.0036763469336114074,0
2012,3390,3452,-7,9.59375,0.25,0.049571736831348634,1
2012,3177,3397,5,-6.800000000000001,-0.04583333333333328,-0.009903069374797013,0
2012,3116,3401,3,1.7312499999999993,0.04583333333333328,0.03076369710107596,0
2012,3124,3196,-8,19.2336265884653,0.3870967741935484,0.13159221910367858,1
2012,3181,3435,-5,8.553948832035593,0.11790878754171297,0.0038640498002908696,1
2012,3207,3210,1,-3.4187499999999993,-0.01666666666666672,-0.04742049134686405,0
2012,3174,3242,-8,11.372043010752689,0.367741935483871,0.03842191645844656,0
2012,3143,3323,7,-18.363636363636363,-0.18181818181818177,-0.09725512351834137,0
2012,3261,3336,1,-5.616379310344827,-0.1056034482758621,0.001494724813520809,0
2012,3265,3382,8,-1.59375,-0.125,0.0056295381467497685,0
2012,3328,3385,3,-1.477822580645161,-0.08467741935483875,0.030650171013240246,0
2012,3124,3210,-3,15.160037878787879,0.25,0.11370817415078072,1
2012,3181,3385,-1,13.295884315906562,0.11790878754171297,0.08019483319314097,1
2012,3376,3390,4,-12.34375,-0.25,-0.08835894310132864,0
2012,3242,3397,9,-8.333333333333334,-0.1333333333333333,-0.020569565548216984,0
2012,3163,3336,-3,16.334378265412745,0.08568443051201668,0.1231194050069156,1
2012,3211,3246,9,-1.7548387096774203,0.03870967741935483,0.03779579239115216,0
2012,3268,3401,-1,11.257056451612904,0.21572580645161288,0.12705430866295253,1
2012,3323,3382,-4,16.140151515151516,0.0028409090909090606,0.040203888619929296,1
2012,3124,3397,-1,13.078787878787878,0.2666666666666667,0.0957447336952092,1
2012,3181,3390,1,-2.6325431034482776,-0.1411637931034483,-0.020518738764478017,0
2012,3163,3246,-1,15.175757575757574,0.07878787878787874,0.1989636039932426,1
2012,3268,3323,1,-8.289345063538612,-0.0058651026392961825,-3.261445296276477e-05,0
2012,3124,3390,0,4.660037878787879,0.03125,0.04041920648307945,1
2012,3163,3323,0,3.0606060606060588,-0.030303030303030276,0.08091312194571665,0
2012,3124,3323,0,-0.6363636363636367,0.09090909090909094,0.04615821986471108,1
2013,3143,3201,-13,7.838709677419355,0.16129032258064513,0.0346436912477463,1
2013,3163,3225,-15,32.33238636363637,0.3475378787878788,0.17236014088419627,1
2013,3166,3393,3,-7.483870967741935,0.0,0.016377346707089124,1
2013,3208,3285,-9,3.724731182795699,0.03978494623655904,-0.0034097079453846435,1
2013,3211,3235,7,4.995967741935484,0.10181451612903225,-0.025981599546287648,0
2013,3160,3242,-7,9.55483870967742,0.2397849462365591,0.017314705470252545,0
2013,3268,3346,-9,5.16733870967742,-0.16330645161290325,0.06350587728866763,1
2013,3265,3277,7,1.5,0.0625,0.035336420017170855,0
2013,3151,3304,5,6.305443548387096,0.16431451612903225,0.052539084698980776,0
2013,3141,3328,5,3.125,-0.03125,-0.03551951738470721,0
2013,3355,3376,9,-3.163306451612904,0.007056451612903247,0.01393334827431053,0
2013,3378,3403,3,3.225806451612903,0.0,0.03730940543388134,1
2013,3331,3397,13,-8.271412680756395,-0.18798665183537266,-0.028939118255225993,0
2013,3401,3455,-11,5.666666666666667,0.0,0.039372910492110114,1
2013,3391,3417,11,2.788306451612904,-0.03931451612903225,0.0378408564749782,0
2013,3386,3435,1,1.387096774193548,0.09677419354838712,0.00094031939364142,0
2013,3124,3341,-15,25.02639296187683,0.4213098729227762,0.16032167741213915,1
2013,3173,3385,-3,13.10689655172414,0.3310344827586207,0.0767655116489257,1
2013,3174,3452,-5,12.036363636363637,0.3424242424242424,0.07284098238017661,1
2013,3181,3214,-13,5.197916666666668,0.08901515151515149,0.051234985231001895,1
2013,3199,3343,-1,-8.267281105990781,-0.07603686635944695,-0.04850885554715584,1
2013,3234,3274,1,-1.046370967741935,-0.05241935483870963,0.020865527874056156,1
2013,3246,3298,-13,12.53125,0.1875,-0.003001335915383485,1
2013,3257,3292,-7,4.0625,-0.03125,0.026039437536942156,1
2013,3261,3453,-5,-14.15806451612903,-0.2881720430107527,-0.10658704623321125,1
2013,3276,3437,-1,-1.483870967741935,0.0,-0.01562392618265912,1
2013,3107,3314,11,9.04313725490196,0.07647058823529418,0.08055802081823576,0
2013,3323,3404,-15,17.608901515151516,0.3929924242424242,0.0564598827846845,1
2013,3177,3329,3,-12.54133064516129,-0.02116935483870963,-0.03403795491724687,0
2013,3142,3336,11,-8.538709677419355,-0.15591397849462374,-0.00393550164697587,0
2013,3251,3345,9,9.42741935483871,0.056451612903225756,0.03268957524314614,0
2013,3390,3409,-15,18.755681818181817,0.43939393939393945,0.16055370677686753,1
2013,3143,3378,-8,4.806451612903226,0.22580645161290325,0.01985028131950428,1
2013,3163,3435,-7,23.944281524926687,0.23362658846529816,0.1430409143114757,1
2013,3208,3235,-1,3.129032258064516,0.06451612903225801,-0.05456261272776863,1
2013,3242,3376,8,-9.425806451612903,-0.2075268817204301,-0.010114646112265258,1
2013,3268,3277,-1,8.66733870967742,0.024193548387096753,0.07359543113718076,1
2013,3304,3401,3,-4.168132942326491,0.014662756598240456,-0.050524824993443795,1
2013,3328,3417,3,-0.9375,-0.09375,0.02724712398716489,1
2013,3166,3397,8,-6.354838709677419,0.0,0.005263853012232644,0
2013,3124,3199,-7,15.929618768328444,0.260019550342131,0.10960149503132666,1
2013,3174,3314,3,6.31283422459893,0.08556149732620322,0.040007482282452655,1
2013,3181,3329,-5,8.20866935483871,0.26008064516129037,0.07265795009197051,1
2013,3173,3246,5,-1.1368534482758612,0.08728448275862066,0.051034617567723095,0
2013,3257,3345,1,8.71875,0.0,0.003474900775750578,1
2013,3261,3336,3,-8.958064516129031,-0.18817204301075274,-0.02447676540847543,1
2013,3234,3323,8,-17.65625,-0.34375,-0.027937319125573068,0
2013,3276,3390,7,-13.01173020527859,-0.2619745845552298,-0.08811242438306399,0
2013,3143,3261,-4,9.0,0.25806451612903225,0.017065229333636744,1
2013,3163,3268,-3,13.008797653958947,0.10459433040078203,0.07774446983504657,1
2013,3208,3390,3,-5.5601173020527845,-0.1329423264907137,-0.12188066385986235,1
2013,3174,3246,4,-3.7073863636363633,0.06534090909090906,0.029262274669594912,0
2013,3181,3304,-4,14.305443548387096,0.19556451612903225,0.1033621623333062,1
2013,3124,3257,-4,12.12215909090909,0.21969696969696972,0.10326196503489021,0
2013,3242,3323,11,-21.29375,-0.40208333333333335,-0.05462622721297039,0
2013,3328,3397,4,-7.564516129032258,-0.08669354838709675,-0.0018296777057948965,0
2013,3143,3208,-2,1.483870967741936,0.09677419354838712,0.01742583205074838,1
2013,3163,3246,-1,13.019886363636367,0.035037878787878785,0.15499982702716925,1
2013,3257,3397,3,0.904233870967742,-0.024193548387096753,-0.01116923375059603,1
2013,3181,3323,1,-0.5625,-0.03125,0.043995840147783516,0
2013,3163,3323,0,9.269886363636367,-0.08996212121212122,0.12078388150976721,1
2013,3143,3257,-3,-0.22681451612903203,0.15322580645161288,-0.015180308483130678,0
2013,3163,3257,-4,17.394886363636367,0.12878787878787878,0.14329156164778845,1
2014,3113,3435,1,-0.6236559139784941,0.10967741935483877,-0.03697909689173445,1
2014,3124,3443,-13,12.774621212121211,0.12878787878787878,0.04842164793184067,1
2014,3140,3301,7,-1.09375,0.03125,0.04458419478470155,1
2014,3143,3200,-3,-6.304166666666666,-0.08125000000000004,-0.09328881547437928,1
2014,3177,3328,-3,4.213068181818182,0.25568181818181823,-0.028213853448755766,1
2014,3181,3457,-13,6.645833333333332,0.06818181818181823,0.07108319420931791,1
2014,3199,3235,3,-2.8053763440860218,-0.021505376344086002,-0.028720790327858292,1
2014,3246,3460,-11,5.424242424242424,-0.007575757575757569,0.06853636260465412,1
2014,3201,3304,9,-7.449462365591398,-0.13978494623655913,-0.014950624896988285,0
2014,3323,3352,-15,19.96875,0.34375,0.11842088504906045,1
2014,3195,3329,7,-0.2521994134897376,0.045943304007820096,0.023012362512266127,0
2014,3103,3345,9,2.7541713014460507,-0.014460511679644017,0.03198261805704028,0
2014,3385,3425,-1,2.077205882352941,0.0404411764705882,0.01156956023714334,1
2014,3377,3390,13,-16.733333333333334,-0.33958333333333335,-0.13125394072791008,0
2014,3151,3393,5,4.512096774193548,0.19657258064516125,0.055021508937274866,0
2014,3322,3397,15,-14.436491935483872,-0.23084677419354838,-0.06869623403990516,0
2014,3163,3341,-15,40.15749525616698,0.5483870967741935,0.26382453651564913,1
2014,3173,3196,-5,4.365591397849463,0.1537634408602151,0.03030562801710629,0
2014,3234,3265,-5,-3.6541889483065955,-0.05347593582887711,-0.044339891232652195,1
2014,3211,3241,-5,-0.9090909090909065,0.030303030303030276,-0.029924623185927757,0
2014,3225,3257,11,-7.48671726755218,-0.1404174573055028,-0.012492876383917384,0
2014,3210,3261,3,3.548387096774193,0.032258064516129004,0.011317062306621273,0
2014,3119,3268,9,-13.494623655913976,-0.02580645161290329,-0.06027281238506321,0
2014,3214,3277,7,5.578629032258064,0.16532258064516125,-0.0139313438563749,0
2014,3314,3404,-9,1.956989247311828,-0.04692082111436946,0.0726257077072423,1
2014,3292,3333,-1,3.767992424242424,0.19128787878787878,-0.07977739027582059,0
2014,3336,3455,-11,-5.478448275862069,-0.053879310344827624,-0.04911567398540706,1
2014,3169,3376,15,-16.190524193548388,-0.3084677419354839,-0.1212340223527506,0
2014,3208,3386,-1,-0.516129032258065,-0.06451612903225812,-0.02464598535491558,0
2014,3335,3400,7,-0.5892857142857135,0.1294642857142857,-0.014866671051955771,0
2014,3315,3401,11,-6.318965517241379,-0.06034482758620685,-0.058194834884838786,0
2014,3107,3452,13,1.6714015151515156,-0.0037878787878787845,0.008375147293943341,0
2014,3124,3143,-5,17.578787878787878,0.17878787878787883,0.07690558680093268,1
2014,3140,3304,8,-4.016129032258064,0.006048387096774244,0.03737050850597751,1
2014,3177,3181,5,-3.1515151515151505,0.0,-0.0935827712484047,1
2014,3246,3393,-3,3.387096774193548,0.040322580645161255,0.01594938216006364,1
2014,3113,3323,8,-20.91532258064516,-0.29032258064516125,-0.15230123758069064,0
2014,3329,3345,1,4.850945494994439,0.017797552836484987,0.029476454346366976,1
2014,3199,3390,8,-11.338709677419356,-0.2610887096774194,-0.11804668088409787,0
2014,3385,3397,7,-10.65625,-0.15625,-0.0507190872198533,0
2014,3163,3386,-8,27.286527514231494,0.29032258064516125,0.16503927106924376,1
2014,3234,3257,3,-9.38235294117647,-0.11764705882352944,-0.029288603362126187,0
2014,3261,3452,5,-10.194525904203324,-0.26588465298142716,-0.06793160883505311,1
2014,3268,3400,-1,11.458333333333332,0.14375000000000004,0.012603102755851026,1
2014,3277,3314,1,-5.18279569892473,-0.017595307917888547,-0.019173316383372385,0
2014,3196,3336,8,-3.9288097886540596,-0.14571746384872075,0.01825970899495577,0
2014,3333,3376,8,-9.440524193548388,-0.18346774193548387,-0.015577304493015698,0
2014,3241,3401,8,9.083333333333332,0.09848484848484851,0.031502953529863764,0
2014,3124,3246,-1,9.212121212121211,0.12878787878787878,0.04875780137038466,1
2014,3140,3163,11,-27.205882352941174,-0.1875,-0.13555941127597565,0
2014,3323,3329,-4,14.463709677419354,0.25806451612903225,0.09252177809958606,1
2014,3177,3401,4,1.9318181818181817,0.06818181818181823,-0.04991534108287177,0
2014,3257,3261,-4,13.680265654648956,0.26944971537001894,0.0792838765602713,1
2014,3268,3397,3,5.864583333333332,-0.043749999999999956,0.01369328167877576,1
2014,3314,3376,3,-3.430107526881722,-0.14369501466275658,-0.05432502009053525,1
2014,3336,3390,1,-8.60344827586207,-0.14762931034482762,-0.11399724859959348,0
2014,3163,3401,-2,24.455882352941174,0.25,0.1487643855546424,1
2014,3124,3323,1,-3.412878787878789,-0.12121212121212122,-0.060292619956788696,0
2014,3257,3268,-1,-2.362745098039216,0.08235294117647052,-0.009846474314780196,0
2014,3314,3390,2,-2.833333333333334,-0.1789772727272727,-0.03627055483024377,0
2014,3163,3390,-1,18.205882352941174,0.09375,0.09796476834762002,1
2014,3268,3323,3,-4.291666666666668,-0.19999999999999996,-0.03808940179971809,0
2014,3163,3323,0,10.080882352941174,0.0,0.08354462943228674,1
2015,3116,3321,3,-4.519354838709678,-0.1752688172043011,-0.045205682356828036,1
2015,3124,3322,-13,23.942528735632184,0.3918495297805642,0.12261665513747483,1
2015,3143,3455,-9,-6.080492424242424,-0.16003787878787878,0.007734544503283203,1
2015,3173,3235,-3,5.602150537634409,0.20645161290322578,0.04477902877032719,1
2015,3177,3278,1,12.31534090909091,0.06912878787878785,-0.0166118492264809,1
2015,3107,3181,9,2.51108870967742,0.07258064516129037,-0.021759167887812125,0
2015,3203,3211,-5,4.129032258064516,0.12903225806451613,-0.008089409236180678,0
2015,3110,3234,11,-1.068548387096774,-0.024193548387096753,0.015447880192438701,0
2015,3246,3398,-13,5.679166666666666,0.11875000000000002,0.003611669583011845,1
2015,3274,3449,5,-1.895161290322581,-0.10584677419354838,-0.04647965843024904,1
2015,3280,3408,-7,10.3125,0.125,0.01725161051932822,1
2015,3285,3323,15,-13.996969696969696,-0.20606060606060617,-0.06262029382789563,0
2015,3333,3355,-11,4.654094827586206,0.11206896551724133,0.1062799998482794,1
2015,3366,3376,15,-21.830818965517242,-0.2823275862068966,-0.13110136425289398,0
2015,3304,3393,1,-2.5505376344086015,-0.022580645161290325,0.03554286437181331,0
2015,3400,3443,-7,-4.547794117647058,-0.19485294117647056,-0.013848705243400039,1
2015,3113,3325,-11,-2.01008064516129,-0.027217741935483875,-0.07504267834049083,1
2015,3114,3401,5,4.65625,0.15625,0.014651727660824787,1
2015,3163,3383,-15,41.87878787878788,0.5151515151515151,0.2633694286286942,1
2015,3195,3329,-3,10.516129032258062,0.29032258064516125,0.06628106662764299,1
2015,3106,3199,13,-19.502164502164504,-0.3787878787878788,-0.07275496985016244,0
2015,3140,3257,11,-11.419354838709678,-0.09677419354838701,0.014921552865602095,0
2015,3268,3308,-15,13.090277777777779,0.1967592592592593,0.0614414618952146,1
2015,3251,3314,9,-0.96875,0.0625,0.017965508134018426,0
2015,3241,3326,7,7.017992424242424,0.20928030303030298,0.002608951846701346,0
2015,3328,3346,-7,-9.141366223908918,-0.2666034155597723,-0.027773893793423376,1
2015,3151,3338,-3,6.30625,0.2729166666666667,0.06218468929141879,0
2015,3343,3453,-1,10.996774193548386,0.12903225806451613,0.0919371246783065,1
2015,3353,3371,-1,-2.561094819159335,-0.13880742913000976,-0.008227630661287011,1
2015,3261,3378,5,-9.166666666666668,-0.2212121212121212,-0.08121807255580399,0
2015,3169,3390,9,-0.6098484848484844,-0.008522727272727293,-0.04806326758089502,0
2015,3129,3397,13,-8.50625,-0.17708333333333337,-0.022786403767865893,0
2015,3116,3124,8,-15.766666666666667,-0.3424242424242424,-0.09009621967863751,0
2015,3173,3246,5,6.122983870967742,0.08770161290322576,0.10089023923202589,1
2015,3181,3280,-1,-4.85483870967742,-0.13508064516129037,0.01819794393078422,1
2015,3211,3333,8,-5.052280311457174,-0.08787541713014457,-0.07650401012279295,1
2015,3234,3274,-8,-0.16129032258064502,0.16129032258064513,0.03638198229775841,1
2015,3177,3323,8,-4.787878787878785,-0.1515151515151516,-0.10158931757739892,0
2015,3376,3393,-7,13.902083333333334,0.23750000000000004,0.14818068132446005,1
2015,3143,3400,-1,-2.34375,0.03125,0.01002688650589978,0
2015,3113,3114,-8,-1.9375,-0.03125,-0.04861184252175488,1
2015,3163,3353,-7,33.318670576735094,0.260019550342131,0.21988154423004874,1
2015,3195,3199,5,0.018572825024435247,0.0566959921798631,0.01968498256442658,0
2015,3257,3378,-3,2.956989247311828,0.01857282502443791,-0.02276434362741353,1
2015,3268,3343,-7,-5.587499999999999,-0.0625,-0.09167158369708789,1
2015,3314,3326,-1,1.2367424242424239,0.05303030303030298,-0.018376807859341093,1
2015,3328,3390,1,-3.4203323558162264,-0.08211143695014667,-0.03673176056289962,0
2015,3338,3397,8,-9.80625,-0.2104166666666667,-0.023853726941313713,0
2015,3124,3234,-1,13.473118279569894,0.1348973607038123,0.05656451589067585,1
2015,3113,3199,1,-6.475378787878789,-0.035037878787878785,-0.05192266104784504,0
2015,3323,3390,-3,12.212121212121211,0.21212121212121215,0.039321391587688714,1
2015,3314,3376,3,-12.15625,-0.1875,-0.0961719044340194,0
2015,3163,3400,-4,32.37310606060606,0.2821969696969697,0.20798567359586695,1
2015,3173,3257,4,-3.35483870967742,0.0,0.040262804291200105,1
2015,3181,3268,3,-7.66733870967742,-0.26008064516129037,-0.01494805999049409,0
2015,3211,3397,9,-6.148185483870968,-0.06955645161290325,0.000461258301761136,0
2015,3124,3323,1,-1.0303030303030276,-0.030303030303030387,-0.013689891183153724,0
2015,3199,3376,1,-4.180871212121211,-0.058712121212121215,-0.05188967108362752,0
2015,3163,3173,-6,30.12512218963832,0.16324535679374397,0.17491213874843098,1
2015,3268,3397,-1,2.90625,0.09375,0.020242152320483986,1
2015,3163,3268,0,22.748106060606062,0.032196969696969724,0.1768917237290923,1
2015,3323,3376,0,-1.2717803030303045,0.0018939393939394478,-0.01594354430016537,1
2015,3163,3323,0,20.363636363636367,0.030303030303030276,0.14059098895702954,1
2016,3107,3196,7,9.977419354838709,0.1376344086021506,0.05546790499252291,1
2016,3113,3308,-13,0.2937788018433185,-0.05069124423963134,-0.024738617741619395,1
2016,3120,3385,1,-3.780241935483871,-0.10584677419354838,-0.038358011938894654,1
2016,3124,3225,-15,14.004743833017077,0.2609108159392789,0.0752610979090721,1
2016,3177,3241,-5,0.8664772727272734,-0.08617424242424243,-0.01897296915455088,1
2016,3203,3243,-1,5.722916666666666,0.21250000000000002,-0.015933885683781124,0
2016,3146,3257,11,-3.6076388888888893,0.10763888888888884,0.016233449337871853,0
2016,3125,3277,9,-1.5458333333333325,-0.01666666666666672,0.026812328473619584,0
2016,3151,3280,7,-10.61681329423265,-0.013685239491691092,0.020546556290150175,0
2016,3138,3326,11,-11.197458455522971,-0.16813294232649068,-0.07797412492385669,0
2016,3333,3407,-13,12.466666666666667,0.275,0.178456636944464,1
2016,3239,3376,15,-7.90625,-0.30208333333333337,-0.06498415272390962,0
2016,3329,3382,-3,-0.36666666666666714,-0.06666666666666676,-0.04715939965777999,0
2016,3119,3393,9,7.066666666666666,0.15208333333333335,0.1385553839716494,0
2016,3397,3453,-3,-7.5625,-0.28125,-0.03805380810912029,1
2016,3343,3452,5,5.704545454545455,0.0941558441558441,0.021032503526526747,0
2016,3163,3352,-15,35.881048387096776,0.3870967741935484,0.18134852280934433,1
2016,3182,3371,1,3.193548387096775,0.09677419354838712,0.019896076364658344,1
2016,3199,3292,-7,8.254166666666666,0.01666666666666672,0.016311282577083197,1
2016,3208,3231,-1,6.0408602150537645,0.05483870967741933,0.04879317551104467,0
2016,3246,3421,-11,4.6,-0.033333333333333326,0.02794995968650471,1
2016,3233,3268,13,-18.059714795008915,-0.2326203208556149,-0.10647460318781937,0
2016,3140,3281,-3,-3.596774193548387,0.1064516129032258,-0.05058275801373674,0
2016,3299,3323,15,-15.017857142857142,-0.3616071428571429,-0.11489202781943586,0
2016,3328,3345,-5,1.806451612903225,0.032258064516129004,0.010133142588409139,1
2016,3274,3355,-7,-0.375,-0.0625,0.01806460104943841,0
2016,3161,3378,5,4.260416666666666,0.24791666666666667,0.08447735966035175,0
2016,3362,3390,9,-10.67741935483871,-0.14086021505376345,-0.08235040158481405,0
2016,3106,3400,13,-11.0,-0.2543103448275862,-0.01951626737978457,0
2016,3283,3401,9,-2.4250000000000007,0.018750000000000044,-0.042686536047796875,0
2016,3218,3417,11,-4.408266129032258,-0.07258064516129037,0.018041107027114422,0
2016,3335,3449,3,1.737268518518519,0.16435185185185186,-0.004574924755466725,0
2016,3120,3124,8,-21.5853889943074,-0.357685009487666,-0.12850557552189018,0
2016,3177,3257,3,3.5539772727272734,-0.02367424242424243,0.023137000341711067,1
2016,3277,3280,-1,-4.1268939393939394,-0.037878787878787845,0.011182589302375423,0
2016,3326,3452,-3,-0.28739002932551294,0.04692082111436946,-0.035145303548061224,1
2016,3333,3382,-8,7.533333333333333,0.10833333333333328,0.06164066248310063,1
2016,3243,3376,8,-13.972916666666666,-0.36875,-0.07444713180012341,0
2016,3107,3393,8,5.677419354838708,0.08971774193548387,0.08891490069905689,0
2016,3113,3397,-5,2.195564516129032,0.21270161290322576,-0.009328011752107568,0
2016,3163,3182,-8,29.139112903225808,0.16129032258064513,0.14213143443613319,1
2016,3199,3401,1,7.266666666666666,0.06666666666666676,0.014845101907584979,1
2016,3246,3328,-3,5.1107526881720435,0.08924731182795709,0.03835208109198707,1
2016,3231,3323,8,-14.899193548387096,-0.3235887096774194,-0.11260371124081525,0
2016,3355,3390,8,-2.86491935483871,0.03830645161290325,-0.06434182081382933,0
2016,3281,3400,8,-4.5,-0.17500000000000004,0.023586444104676862,0
2016,3378,3417,3,1.0625,-0.03125,0.00739948165074783,0
2016,3268,3449,-5,15.249053030303031,0.22159090909090906,0.08631491208570768,0
2016,3323,3390,-3,5.44758064516129,0.19455645161290325,0.020334558905778177,0
2016,3376,3393,-3,4.90625,0.1875,0.12443531962911314,0
2016,3326,3397,-4,5.195564516129032,0.18044354838709675,0.04523266502507434,0
2016,3246,3449,-4,4.652083333333334,0.07916666666666672,0.021912509455148332,0
2016,3124,3199,-4,7.550980392156863,0.20392156862745092,0.08084608328106613,1
2016,3163,3280,-4,23.748106060606062,0.21212121212121215,0.15922960985093454,1
2016,3177,3333,4,0.7727272727272734,-0.11742424242424243,-0.10694253941654414,0
2016,3400,3417,-1,4.65625,0.125,0.040515183727041604,1
2016,3393,3397,-3,5.9375,0.1875,-0.031828563490482575,1
2016,3390,3449,-3,4.89616935483871,0.08669354838709675,0.057262393188603156,0
2016,3163,3400,-1,24.6875,0.125,0.13128772602452465,1
2016,3124,3333,-1,9.117647058823529,0.09558823529411764,-0.009905763569537651,0
2016,3163,3333,-1,24.1875,0.125,0.053012394938448004,1
2016,3393,3449,-3,4.21875,0.09375,-0.05737639453656468,1
2016,3163,3393,-3,26.6875,0.21875,0.21057590830564238,1
2017,3113,3277,-1,-0.869959677419355,-0.043346774193548376,-0.0697615388933685,1
2017,3166,3405,-3,-0.21458333333333357,0.01666666666666672,0.01755510011256206,1
2017,3177,3320,-3,4.340175953079179,0.045943304007820096,0.03358781533779143,1
2017,3199,3442,-11,12.006451612903223,0.006451612903225712,0.05103985448141124,1
2017,3125,3246,9,3.903225806451614,0.16129032258064524,0.06754955021924558,0
2017,3137,3268,11,-15.5,-0.09375,-0.015944392206491187,0
2017,3280,3407,-13,11.187878787878786,0.21212121212121215,0.06977305112179971,1
2017,3281,3378,-5,-4.667338709677419,-0.07258064516129037,0.02069591647914404,1
2017,3120,3301,5,-10.240860215053765,-0.18494623655913978,-0.1256346977394609,0
2017,3323,3352,-15,11.566959921798631,0.23167155425219943,0.03872363350197966,1
2017,3326,3443,-7,1.8049242424242422,-0.005681818181818232,0.053731979215396575,1
2017,3253,3333,13,-9.803977272727273,-0.19128787878787878,-0.1412499874229774,0
2017,3345,3453,1,-10.832720588235293,-0.1966911764705882,-0.040451876725256075,1
2017,3376,3421,-15,16.945564516129032,0.3084677419354839,0.12665390028813922,1
2017,3146,3400,11,-0.62406947890819,0.1042183622828784,0.0263384585673766,0
2017,3189,3452,5,-1.326704545454545,0.11553030303030298,-0.020836849569531968,0
2017,3124,3411,-15,27.930596285434998,0.19941348973607032,0.12275213380451061,1
2017,3143,3261,1,0.32157258064516103,-0.05141129032258063,0.11080015240961733,1
2017,3107,3163,15,-29.16733870967742,-0.3548387096774194,-0.1819136429356245,0
2017,3181,3214,-13,15.5625,0.21875,0.1710139741549131,1
2017,3179,3243,3,11.34173387096774,0.18346774193548387,0.07178559462734069,0
2017,3151,3257,9,-9.237191650853891,-0.11669829222011385,-0.04638383845909405,0
2017,3195,3274,9,4.79233870967742,0.008064516129032251,0.010863458773881729,0
2017,3211,3328,5,9.403225806451612,0.10282258064516125,0.06702765175801723,0
2017,3332,3396,3,-3.4291300097751707,-0.16813294232649068,0.028890991501037244,1
2017,3266,3346,-7,-2.575757575757576,-0.03693181818181823,-0.0005093804837205118,0
2017,3308,3390,13,-8.647186147186146,-0.06277056277056281,-0.061615865440898476,0
2017,3235,3393,1,-6.521505376344087,-0.07741935483870965,0.04281381642710863,0
2017,3173,3397,7,-1.419354838709677,0.07634408602150544,0.012365217354236346,0
2017,3335,3401,7,1.3794642857142865,0.09375,0.02465083273501245,0
2017,3129,3417,9,-4.668817204301075,0.02473118279569897,0.0029012506013850747,0
2017,3286,3449,11,-14.556034482758621,-0.0506465517241379,-0.08871546432955091,0
2017,3199,3281,-3,17.161290322580644,0.12903225806451613,0.007146934743318012,1
2017,3268,3452,-3,12.892045454545455,0.24053030303030298,0.024865834313670288,1
2017,3177,3280,5,-5.727272727272727,-0.09090909090909094,-0.02648067574598345,0
2017,3323,3345,-8,10.388591800356505,0.26203208556149726,0.04147027971728451,1
2017,3246,3326,-1,-7.368951612903226,-0.13508064516129037,-0.061399719894011884,0
2017,3166,3333,5,-4.206060606060607,-0.11212121212121207,-0.06152874339505354,0
2017,3113,3376,7,-13.096774193548388,-0.25806451612903225,-0.12185925700529088,0
2017,3301,3400,3,0.11182795698924686,-0.008602150537634468,-0.002759351752447514,0
2017,3124,3143,-8,27.544507575757578,0.31534090909090906,0.10031780088446496,1
2017,3163,3393,-7,20.45766129032258,0.32258064516129037,0.22164110203208404,1
2017,3257,3397,-1,6.882352941176471,0.16078431372549018,0.028872973677377345,1
2017,3181,3332,-8,11.567234848484848,0.23768939393939392,0.07310216356986271,0
2017,3274,3346,-8,-1.930596285434996,-0.07624633431085048,0.013248656200493814,0
2017,3243,3390,5,-10.982007575757574,-0.1609848484848485,-0.08001829473104205,0
2017,3401,3417,1,-3.029233870967742,-0.08568548387096775,0.011258216351067551,0
2017,3328,3449,3,-16.528225806451612,-0.13407258064516125,-0.1193156859100824,0
2017,3124,3257,-3,17.693404634581107,0.11497326203208558,0.09650028346573586,1
2017,3280,3449,-1,-2.1704545454545467,0.035037878787878785,-0.05888431196168914,1
2017,3323,3326,-4,2.649621212121211,0.09659090909090906,0.014668557308314123,1
2017,3390,3400,-1,4.220918866080154,0.10654936461388076,0.04130680587346924,1
2017,3163,3417,-3,22.877016129032256,0.25806451612903225,0.1869704798058942,1
2017,3199,3333,1,9.53372434017595,-0.07233626588465303,-0.04326235541716822,1
2017,3268,3332,-7,19.285984848484848,0.3314393939393939,0.058052599863192667,0
2017,3346,3376,11,-7.682306940371456,-0.05278592375366564,-0.08128683970962325,0
2017,3124,3280,-1,13.121212121212125,0.030303030303030276,0.1010715123984186,0
2017,3323,3390,-1,1.6363636363636367,0.06060606060606055,-0.018708550151971592,0
2017,3163,3332,-9,26.660984848484848,0.3939393939393939,0.13901125260616437,1
2017,3199,3376,2,2.548387096774192,-0.06451612903225812,-0.04383892540469425,0
2017,3163,3280,-1,13.357954545454547,0.12121212121212122,0.12154884981494113,0
2017,3376,3390,-1,2.6823069403714577,0.022482893450635366,0.010030899672010152,1
2017,3280,3376,1,0.19648093841642122,0.00782013685239491,-0.04778725890416102,0
2018,3124,3212,-13,30.78125,0.375,0.17889710139864679,1
2018,3177,3328,-7,8.745454545454546,0.2545454545454545,0.03289606257399014,1
2018,3129,3257,15,-13.847058823529412,-0.24117647058823533,-0.051110074787900084,0
2018,3173,3266,1,2.2413793103448274,0.0743534482758621,0.07849371155411228,0
2018,3268,3343,-7,2.626077586206897,-0.04633620689655171,-0.020313918832582434,1
2018,3276,3294,-3,6.515120967741936,-0.10282258064516125,0.04428616231767163,1
2018,3278,3453,3,-7.834677419354838,-0.16431451612903225,-0.08678711808661976,1
2018,3189,3301,9,4.277217741935484,0.024193548387096753,0.06810338951232037,0
2018,3169,3323,15,-17.744318181818183,-0.3607954545454546,-0.0819028621952585,0
2018,3332,3370,-13,17.854779411764707,0.31985294117647056,0.11704084079735744,1
2018,3333,3443,-5,2.887096774193548,0.02473118279569897,0.15577697917866573,1
2018,3299,3376,13,-9.600215517241379,-0.08836206896551724,-0.10506741770235656,0
2018,3251,3397,11,-4.129032258064516,-0.06451612903225801,-0.016296585333515468,0
2018,3179,3401,9,4.179924242424242,0.05397727272727271,0.07172649936180991,0
2018,3355,3437,-1,9.27204301075269,0.07311827956989247,0.004993576602389083,0
2018,3143,3438,-3,2.2903225806451615,0.09677419354838701,0.026239294475356778,0
2018,3113,3304,-3,5.231671554252198,-0.04105571847507328,-0.04307718181471343,1
2018,3138,3378,5,0.009469696969697239,0.055871212121212155,-0.008636839986378209,1
2018,3141,3261,5,5.885944700460829,0.19239631336405527,0.08085304258046055,1
2018,3163,3384,-15,27.9375,0.28125,0.20679939826962895,1
2018,3166,3234,5,-7.3892473118279565,-0.17419354838709677,-0.05809026673696355,1
2018,3125,3181,7,4.833333333333334,0.17575757575757578,0.04187069723078912,0
2018,3195,3281,7,7.93548387096774,0.09677419354838712,-0.03581487327423499,1
2018,3114,3199,11,-9.721774193548388,-0.08770161290322576,-0.021671641987732082,0
2018,3208,3273,-9,-5.79233870967742,-0.13104838709677424,0.019187507786850577,1
2018,3280,3311,-15,26.406478578892372,0.41797283176593525,0.11109772745540925,1
2018,3203,3326,11,-11.407196969696969,-0.22443181818181823,-0.062188632439322766,0
2018,3329,3393,1,3.3999999999999995,-0.06666666666666665,-0.009292072623056646,1
2018,3274,3346,-1,-6.386088709677419,-0.16633064516129037,-0.008578599137249732,0
2018,3211,3390,9,7.21875,0.15625,-0.004091958812889318,0
2018,3263,3400,13,-9.56875,-0.11250000000000004,-0.014602055838214556,0
2018,3110,3417,11,-5.70766129032258,0.03830645161290325,0.01779961109013317,0
2018,3124,3276,-5,17.203629032258064,0.25907258064516125,0.07833278705064367,1
2018,3257,3266,-7,9.647058823529413,0.22242647058823528,0.09736269024061217,1
2018,3268,3301,1,6.6875,0.03125,0.043295719878734595,0
2018,3323,3437,-8,10.995833333333334,0.17291666666666672,0.011050907564440993,1
2018,3278,3332,8,-7.533206831119545,-0.1404174573055028,-0.10413852662419804,0
2018,3333,3397,3,2.435483870967742,-0.007526881720430034,0.10642783784585796,1
2018,3376,3438,-8,14.434475806451612,0.23185483870967738,0.08992951641176561,1
2018,3177,3401,1,2.787878787878787,0.06060606060606055,0.018062868418168676,0
2018,3138,3199,8,-3.784274193548388,0.037298387096774244,-0.00824096641486044,1
2018,3141,3326,8,-2.905180840664711,0.05278592375366564,0.03436521194550485,1
2018,3163,3346,-8,22.875,0.15625,0.16426918291649628,1
2018,3181,3208,1,2.188172043010754,-0.07311827956989247,0.027701101607362666,1
2018,3280,3329,-8,15.269696969696971,0.3030303030303031,0.08780410310244335,1
2018,3195,3390,8,10.85282258064516,0.18346774193548387,0.016411417749416457,0
2018,3113,3400,5,-6.059659090909092,-0.17613636363636365,-0.03147763445717805,0
2018,3166,3417,8,-9.711827956989247,-0.17419354838709677,0.0189519609928801,0
2018,3257,3390,-3,13.209558823529413,0.2536764705882353,0.04477759315183921,1
2018,3280,3301,-3,16.709280303030305,0.21969696969696972,0.07607144415917538,1
2018,3124,3333,-4,15.1875,0.20208333333333328,0.00102620339286702,0
2018,3400,3417,-1,4.32358870967742,0.03830645161290325,0.02137842235516807,0
2018,3163,3181,-4,24.072916666666664,0.2666666666666667,0.11276337626420846,1
2018,3323,3401,-3,8.804924242424242,0.1789772727272727,0.06424323268793097,1
2018,3141,3332,9,-7.7590132827324485,-0.011385199240986688,-0.04815004617325874,0
2018,3138,3376,9,-2.21875,0.03125,-0.04816277874854252,0
2018,3257,3333,-5,4.147058823529413,0.17450980392156856,-0.06399097331240183,1
2018,3280,3417,-2,13.657869012707724,0.19550342130987297,0.06492719462964658,1
2018,3163,3376,-1,21.375,0.1875,0.10187404607961092,1
2018,3323,3332,-1,-0.2610294117647065,0.023897058823529438,-0.03313913601792079,1
2018,3257,3280,0,-6.6559714795008915,-0.028520499108734443,0.01037721654013296,0
2018,3163,3323,0,18.34375,0.09375,0.11470299712670923,0
2018,3280,3323,0,7.7405303030303045,0.06344696969696972,0.0012875991775201379,0
2019,3113,3416,-7,2.0687499999999996,-0.14583333333333337,0.003392051259845763,1
2019,3138,3353,3,3.016129032258065,0.009072580645161255,-0.023239074663746695,1
2019,3155,3377,1,-13.64516129032258,-0.22580645161290325,-0.06727671733186802,1
2019,3163,3406,-13,26.53030303030303,0.31439393939393945,0.1637897430219103,1
2019,3137,3199,7,7.185728250244379,0.10654936461388076,0.12307385948539962,0
2019,3231,3400,3,-4.5625,-0.09375,-0.02337435885093825,1
2019,3234,3273,-13,5.75,0.03125,0.06379219328282021,1
2019,3257,3352,-15,10.91633064516129,0.22883064516129037,0.08434137624648175,1
2019,3266,3349,-7,7.724340175953079,-0.11534701857282503,-0.04516566786742149,1
2019,3195,3274,9,7.300000000000001,0.1166666666666667,-0.013032658076102155,0
2019,3243,3276,1,-7.3125,0.0,-0.012291291284035055,0
2019,3280,3380,-15,31.200892857142858,0.3303571428571429,0.13980754419621272,1
2019,3179,3281,3,5.250946969696969,0.11553030303030298,-0.01921274069840745,0
2019,3332,3340,-13,10.793346774193548,0.10080645161290325,0.051243027742504665,1
2019,3125,3376,9,6.8604166666666675,0.11250000000000004,0.07466549006580081,0
2019,3401,3460,-9,1.366935483870968,-0.03830645161290325,0.0383926041354789,1
2019,3101,3124,15,-19.544642857142858,-0.2901785714285714,-0.06710851527451228,0
2019,3120,3140,3,1.7817204301075265,-0.1064516129032258,-0.07389522748051092,0
2019,3143,3314,-1,-0.7973790322580645,0.050403225806451624,0.001987917784917026,1
2019,3114,3211,7,-9.805443548387096,-0.19758064516129037,-0.04341166213711378,0
2019,3235,3308,-11,7.636363636363636,-0.042424242424242475,0.057735314601808196,1
2019,3246,3343,-5,5.903225806451613,0.06451612903225801,-0.007518521350525109,1
2019,3268,3347,-11,4.993951612903226,0.06854838709677424,0.04298656992280764,1
2019,3141,3277,-1,6.913306451612903,0.13608870967741937,0.07526250135708007,0
2019,3177,3283,-5,-1.4299242424242422,0.06912878787878785,-0.013752877111872008,0
2019,3263,3301,11,-0.995967741935484,-0.05745967741935487,-0.05806239588530121,0
2019,3126,3323,15,-23.586206896551722,-0.25391849529780564,-0.12931354743707463,0
2019,3129,3333,9,-6.6204301075268805,0.09247311827956994,-0.11439062420479679,0
2019,3346,3355,5,-2.8125,0.0,-0.08104873669737084,0
2019,3390,3413,-13,-0.3333333333333339,0.07499999999999996,-0.028895244422055377,1
2019,3200,3393,11,-3.7064393939393936,0.007575757575757569,-0.04274214189695558,0
2019,3397,3417,5,0.940524193548387,-0.012096774193548376,0.0209560013003256,0
2019,3113,3274,1,-2.4000000000000004,-0.08333333333333337,-0.06273712138965448,1
2019,3138,3163,8,-18.53030303030303,-0.22064393939393945,-0.15170294857740246,0
2019,3234,3281,-5,4.219696969696969,0.11553030303030298,-0.01116871614089926,1
2019,3257,3276,-7,10.28125,0.25,0.0785059083038181,1
2019,3155,3280,8,-25.730846774193548,-0.3245967741935484,-0.10463803063269767,0
2019,3231,3332,8,-17.03125,-0.25,-0.08941967394394579,0
2019,3199,3376,1,-1.2978494623655905,0.041935483870967794,-0.04997765717441455,0
2019,3266,3401,1,11.530791788856305,0.013685239491691092,0.043115445252723594,0
2019,3124,3143,-7,22.453629032258064,0.3558467741935484,0.12782475535809146,1
2019,3235,3283,-8,4.782196969696969,0.03882575757575757,0.08283781666776008,0
2019,3246,3301,3,2.67741935483871,-0.06451612903225812,-0.07168229375582574,0
2019,3277,3323,8,-17.225806451612904,-0.26392961876832843,-0.11020485314745859,0
2019,3211,3333,1,-0.35584677419354804,0.10080645161290325,-0.08011402391995115,0
2019,3355,3393,3,7.21875,0.0625,0.044903457508851274,1
2019,3140,3390,5,-7.548387096774194,-0.06854838709677424,-0.04560978258112214,0
2019,3268,3417,-3,9.03125,0.25,0.10696828491311844,0
2019,3163,3417,-4,22.87405303030303,0.31439393939393945,0.17793225918986838,1
2019,3257,3333,-3,3.206653225806452,0.13205645161290325,-0.036087375188313287,1
2019,3113,3280,4,-20.24375,-0.27083333333333337,-0.07768332368854736,0
2019,3332,3355,-4,3.875,0.0625,0.0145433792195368,1
2019,3124,3376,-3,16.704166666666666,0.26875000000000004,0.10056192749665088,1
2019,3234,3301,-1,1.379032258064516,-0.02620967741935487,0.02456565689074769,1
2019,3323,3401,-3,15.258064516129032,0.1348973607038123,0.08604986544141324,1
2019,3283,3390,9,-3.8125,-0.15625,-0.09477159173206218,0
2019,3163,3257,1,9.436553030303031,0.03314393939393945,0.05489243820918421,1
2019,3280,3332,-1,6.9375,0.0625,-0.016043257690864454,0
2019,3124,3234,-1,13.6875,0.15625,0.03633729697220239,1
2019,3323,3390,-1,11.0,0.03409090909090906,0.036843589627368944,1
2019,3124,3332,-1,4.53125,0.09375,0.02783179838866906,1
2019,3163,3323,1,3.030303030303031,0.030303030303030387,0.026711269665580628,0
2019,3124,3323,0,0.9375,0.05965909090909094,0.010029979619200158,1
2021,3124,3238,-13,17.241545893719806,0.14331723027375198,0.08159971035921043,1
2021,3163,3219,-15,21.596923076923076,0.1907692307692307,0.06787780517408448,1
2021,3210,3372,-7,-24.490942028985508,-0.26449275362318836,-0.1585250578097812,1
2021,3141,3234,7,-2.034188034188034,0.02564102564102566,-0.04084292286800362,0
2021,3226,3246,9,4.845,0.19499999999999995,0.06873303502105488,0
2021,3195,3276,5,11.862348178137651,0.18623481781376527,0.07945325618620114,0
2021,3299,3301,15,1.2272727272727266,-0.042424242424242364,-0.037365606130267404,0
2021,3329,3448,-1,10.208333333333334,0.1923076923076923,0.06412026847777114,1
2021,3199,3333,1,-0.5751633986928105,-0.0326797385620915,-0.08798558962994502,0
2021,3273,3376,15,-9.541666666666668,-0.09615384615384615,-0.06974817279281281,0
2021,3378,3450,-1,11.376811594202898,0.3354037267080745,0.057193331694678384,1
2021,3390,3430,-15,22.425925925925924,0.2592592592592593,0.12786521825069558,1
2021,3355,3393,1,7.309523809523808,0.25595238095238093,0.019447944678488205,0
2021,3292,3397,11,-4.822463768115942,0.012681159420289911,-0.051848518879056504,0
2021,3266,3439,3,1.3130434782608695,0.15130434782608693,-0.016159573126434956,0
2021,3250,3452,9,-1.3042328042328037,-0.13492063492063489,0.00095301690899674,0
2021,3104,3314,-3,-3.326956521739131,0.07478260869565223,0.007175083077696209,1
2021,3112,3392,-11,0.9238095238095241,0.011904761904761862,-0.007431647083608994,1
2021,3125,3211,7,-4.256923076923076,-0.08461538461538454,-0.016980253952306956,1
2021,3140,3353,5,-8.369565217391305,0.004830917874396157,0.010209565980118629,1
2021,3180,3208,11,-7.1573426573426575,-0.13286713286713292,-0.05194371631242822,0
2021,3231,3433,-9,12.773913043478261,0.18260869565217397,0.09772661228798912,1
2021,3235,3277,-3,-0.9464882943143813,-0.03678929765886285,0.01521839434403266,1
2021,3257,3265,-13,3.313186813186812,0.027472527472527486,0.030342332147857975,1
2021,3268,3291,-13,9.136363636363637,0.19580419580419584,0.024995348785802007,1
2021,3283,3413,-7,2.284848484848485,0.042424242424242364,-0.11775949339900377,1
2021,3321,3416,-3,-1.4543478260869565,-0.14782608695652177,-0.09721680451221476,1
2021,3332,3377,-5,-2.3933747412008284,-0.16356107660455488,0.01643053247581655,1
2021,3133,3400,5,-2.481481481481482,-0.07407407407407407,0.05929463077466324,0
2021,3401,3407,-13,3.08,0.12,0.07280238520014143,1
2021,3417,3461,-11,9.374741200828158,0.15320910973084878,-0.024438986013261055,1
2021,3116,3460,-9,0.8000000000000007,-0.016296296296296253,0.007770460383236866,0
2021,3124,3439,-5,19.02415458937198,0.31723027375201285,0.0804707412781035,1
2021,3163,3393,-7,28.662857142857142,0.3409523809523809,0.15945928148598448,1
2021,3210,3452,1,-2.301127214170692,-0.12560386473429952,-0.00584034237815334,1
2021,3234,3246,1,-1.1688888888888895,-0.01333333333333342,0.046123202259068075,1
2021,3276,3397,3,0.6292906178489694,0.041189931350114395,-0.009196561275768567,1
2021,3301,3378,-7,4.4393939393939394,0.051948051948051965,0.050266822665245015,1
2021,3333,3376,7,-16.147058823529413,-0.25791855203619907,0.01243025470203657,0
2021,3329,3390,7,-16.703703703703702,-0.23361823361823364,-0.10727307987082685,0
2021,3112,3140,-8,0.3933747412008284,-0.020703933747412084,-0.05712836302516838,1
2021,3125,3231,8,-2.8539130434782614,0.017391304347826098,0.0026193331574365653,0
2021,3257,3321,-5,10.18896321070234,0.2324414715719063,0.14702143182040828,1
2021,3104,3268,5,-16.240000000000002,-0.2830769230769231,-0.06121652768497238,0
2021,3283,3460,-8,3.618181818181819,0.1890909090909091,-0.013044375240238715,1
2021,3208,3332,-3,-1.0915750915750912,0.1501831501831502,-0.0025945772294080904,0
2021,3400,3417,3,-6.735449735449736,-0.09523809523809523,-0.040844104582241136,1
2021,3235,3401,5,-8.556923076923077,-0.3046153846153846,-0.03975759332765827,0
2021,3112,3401,1,-3.9561904761904767,-0.15809523809523818,-0.03935634149794337,1
2021,3124,3276,-4,16.742690058479532,0.18908382066276808,0.09924512352290693,1
2021,3163,3234,-4,25.40888888888889,0.29333333333333333,0.10283152615034558,1
2021,3231,3301,3,-0.5988142292490117,-0.1264822134387351,-0.030568377867128016,1
2021,3257,3332,-4,4.408424908424907,0.2655677655677655,0.03691015171256867,1
2021,3210,3376,4,-13.282608695652174,-0.19397993311036787,-0.05340149744414496,0
2021,3283,3390,4,-13.885521885521884,-0.01683501683501687,-0.14310983970921692,0
2021,3268,3400,-4,13.925925925925926,0.2564102564102565,0.11130865541683926,0
2021,3112,3231,-1,-4.650103519668738,-0.020703933747412084,-0.032901856222779136,1
2021,3124,3163,1,-4.408888888888889,-0.034074074074074034,-0.036949212168646994,0
2021,3376,3400,-5,10.425925925925926,0.17948717948717952,0.09855202576781141,1
2021,3257,3390,1,-8.81908831908832,-0.04131054131054135,-0.048399851314192166,0
2021,3112,3163,2,-20.996190476190478,-0.1980952380952381,-0.14750411387332923,1
2021,3376,3390,0,-8.203703703703702,-0.07977207977207978,-0.08488127607783374,0
2021,3112,3390,2,-15.179894179894179,-0.16402116402116407,-0.12057023782771226,0
2022,3173,3177,0,0.7666666666666675,0.14583333333333337,0.048984441350913954,1
2022,3224,3230,0,6.911375661375661,0.2711640211640212,0.0447912567434578,1
2022,3255,3291,0,3.889423076923077,0.11778846153846156,-0.006184140383035608,1
2022,3199,3283,0,-5.8999999999999995,-0.20000000000000007,0.048144367186985004,0
2022,3124,3218,-13,15.03239289446186,0.12852664576802508,0.07348748056983623,1
2022,3160,3166,-3,-2.845977011494252,0.04367816091954013,-0.046174221695362894,0
2022,3195,3439,7,4.660714285714285,0.2098214285714286,-0.025172474684363733,1
2022,3173,3208,5,0.6287356321839095,0.14367816091954022,0.01014906185410347,0
2022,3211,3304,1,-0.78125,0.0625,-0.01601606917041043,1
2022,3229,3234,13,-12.698924731182796,-0.1860215053763441,-0.09194038537713745,0
2022,3235,3426,-11,9.199074074074074,0.0717592592592593,0.05865077389120005,1
2022,3210,3242,1,1.885428253615129,-0.012235817575083519,-0.011066639976918369,0
2022,3107,3257,15,-9.783092324805338,-0.15239154616240258,-0.04103351807014605,0
2022,3174,3268,9,-2.7367816091954023,0.042528735632183956,-8.580184532480661e-05,0
2022,3274,3378,-1,-4.15625,-0.125,-0.0058189951989767175,1
2022,3224,3376,15,-16.22004608294931,-0.2569124423963133,-0.10140195459809925,0
2022,3279,3377,-3,-4.32258064516129,-0.09677419354838712,-0.04246695332350969,0
2022,3286,3390,15,-14.903225806451612,-0.2782258064516129,-0.14283984204779765,0
2022,3193,3400,13,-7.452620967741936,-0.006048387096774244,-0.01174053780372275,0
2022,3116,3428,3,-0.12903225806451601,-0.06451612903225801,-0.006584179342654817,0
2022,3112,3424,-9,-0.05671296296296369,-0.0717592592592593,-0.008175211150303952,1
2022,3125,3332,7,4.165517241379309,0.12528735632183907,0.02461504260444103,1
2022,3163,3273,-13,11.255172413793105,0.04022988505747127,0.07865131207003245,1
2022,3150,3231,11,-4.416129032258065,-0.023655913978494536,-0.0033736414253673908,0
2022,3243,3450,1,6.102335928809789,-0.0422691879866518,0.03431396800644165,1
2022,3238,3261,11,4.524137931034485,-0.04022988505747127,0.040527236750641016,0
2022,3110,3276,11,-7.178571428571429,-0.04377880184331795,-0.02126733156232602,0
2022,3255,3301,15,-15.03125,-0.25,-0.09052143171562121,0
2022,3314,3372,-7,1.8114942528735618,-0.0735632183908046,-0.03525814871077404,1
2022,3269,3323,7,0.38333333333333286,0.07916666666666672,-0.012868177824949534,0
2022,3283,3326,5,-3.208045977011494,-0.02643678160919538,-0.07935284712146623,0
2022,3237,3328,9,7.46875,0.1071428571428571,0.04477464769661238,0
2022,3246,3343,-5,-10.848148148148146,-0.21851851851851856,-0.04212940727597764,0
2022,3138,3397,9,0.10654936461387976,0.01564027370478982,-0.020361383319008497,0
2022,3196,3416,3,-9.3110599078341,-0.21543778801843327,-0.027971758652419465,0
2022,3140,3437,-5,14.908787541713012,0.1546162402669633,0.09474671921458794,0
2022,3166,3234,8,-2.2873563218390807,-0.07701149425287357,-0.0435458008674503,1
2022,3208,3235,3,-2.987068965517242,-0.12284482758620685,-0.03886383994399528,0
2022,3211,3257,8,-3.575431034482758,-0.049568965517241326,-0.02096625038627492,0
2022,3195,3268,8,6.432266009852215,0.20443349753694584,0.08950429387122055,0
2022,3274,3376,7,-16.831653225806452,-0.3104838709677419,-0.09039114325087005,0
2022,3124,3377,-8,1.0312805474095796,-0.02052785923753664,0.03184331069085422,0
2022,3242,3390,7,-9.627363737486096,-0.21357063403781973,-0.039163841943809785,0
2022,3400,3428,-5,7.807459677419354,0.16733870967741937,-0.0005045405757262977,1
2022,3163,3416,-5,7.385714285714288,-0.059523809523809534,0.09263760299349444,1
2022,3231,3343,-8,-7.914814814814813,-0.11851851851851858,-0.02066909281345869,1
2022,3276,3437,-8,6.501152073732719,0.04377880184331795,0.03499882330785825,1
2022,3243,3301,8,-12.827620967741936,-0.2933467741935484,-0.08455000427174869,0
2022,3112,3314,-1,-7.3077905491698605,-0.0523627075351214,-0.002037374337090392,0
2022,3323,3328,1,3.085416666666667,-0.01666666666666672,-0.01430613036189049,1
2022,3261,3326,-3,-0.04137931034482811,0.04022988505747127,-0.028517123420630952,0
2022,3125,3397,8,4.223581757508342,0.016685205784204626,0.03545352365323068,0
2022,3166,3235,7,-1.7456896551724146,-0.12284482758620685,-0.009305356665147535,1
2022,3314,3376,4,-1.2680756395995552,-0.14238042269187978,-0.05658805555676988,0
2022,3268,3390,3,-5.799777530589543,-0.17908787541713012,-0.11079621025667752,0
2022,3326,3400,4,-2.7273706896551726,-0.0193965517241379,0.028822784595904316,0
2022,3163,3231,-1,10.700000000000001,0.10000000000000009,0.09550053128150032,1
2022,3257,3397,-3,7.39599555061179,0.12013348164627358,0.03664396007741849,1
2022,3276,3377,-7,-4.305299539170507,-0.05299539170506917,-0.021778843909300016,1
2022,3301,3323,-4,8.977083333333333,0.17291666666666672,0.07014239163534836,1
2022,3166,3376,9,-8.233592880978867,-0.24582869855394873,-0.03826650442630286,0
2022,3390,3400,-1,0.9344758064516121,0.09072580645161288,0.0630410441719163,1
2022,3163,3301,1,1.2562500000000014,-0.07291666666666663,0.026260020161254005,1
2022,3257,3276,-2,5.959359605911329,0.07635467980295563,0.04698236379721693,1
2022,3163,3390,1,3.6967741935483893,-0.06989247311827951,0.03678159673471881,1
2022,3257,3376,0,-2.474972191323694,-0.07341490545050056,-0.016199698580570965,0
2022,3163,3376,1,0.9870967741935495,-0.10215053763440851,0.032961843646862055,0
2023,3228,3280,0,-1.5623655913978496,0.043010752688172116,-0.016750272617230555,0
2023,3357,3380,0,8.266666666666666,0.033333333333333326,0.03167406898532382,1
2023,3345,3385,0,-0.5827586206896544,-0.07816091954022986,0.005637914611649308,0
2023,3284,3399,0,-4.695043103448276,-0.15840517241379315,-0.0027427748828653398,0
2023,3112,3452,-3,4.466666666666667,0.06666666666666665,0.021195132053318022,1
2023,3199,3208,-3,4.40625,0.0625,0.044442259970468134,0
2023,3234,3368,-13,11.044642857142858,0.1339285714285714,0.12846439887067435,1
2023,3218,3261,11,-25.366666666666667,-0.37083333333333335,-0.09690866354864064,0
2023,3221,3268,13,-3.35483870967742,-0.06451612903225801,0.04287302004272975,0
2023,3276,3424,-5,-3.963709677419354,-0.22782258064516125,-0.020825327873210897,1
2023,3211,3279,1,0.32862903225806406,0.13306451612903225,0.0039684872020954165,0
2023,3166,3280,-5,-2.5,0.06666666666666665,-0.007529553248569298,0
2023,3323,3381,-11,15.166666666666666,0.13333333333333341,0.049470761263904706,1
2023,3301,3343,-3,-4.558755760368664,-0.17626728110599077,0.00414928326753683,0
2023,3355,3425,1,9.42727272727273,0.14848484848484855,0.0691472083179911,1
2023,3313,3376,15,-21.085685483870968,-0.19354838709677424,-0.11272469067341984,0
2023,3266,3378,1,-4.654233870967742,-0.13508064516129037,-0.06874037054463006,0
2023,3357,3390,15,-14.681818181818182,-0.28181818181818186,-0.1491669455920625,0
2023,3205,3428,13,-6.369905956112854,0.01671891327063746,-0.07825590248465197,0
2023,3151,3439,15,-11.584946236559139,-0.2709677419354839,-0.06465295464243126,0
2023,3104,3124,3,0.8419354838709676,0.053763440860215006,0.036844859607324365,0
2023,3160,3292,-5,-7.025201612903226,-0.13306451612903225,-0.03430697517711867,1
2023,3163,3436,-13,8.784313725490195,0.05294117647058816,0.060936622623897096,1
2023,3181,3233,-11,3.35483870967742,-0.006048387096774244,-0.07929401441512901,1
2023,3195,3450,7,14.0,0.21212121212121204,0.0800007122293176,1
2023,3231,3399,-15,13.752873563218392,0.21034482758620687,0.09018270041935716,1
2023,3179,3257,7,4.08349146110057,0.03320683111954459,0.07812542691317637,0
2023,3274,3329,1,-0.440524193548387,-0.043346774193548376,-0.05307676185031501,1
2023,3314,3385,-5,3.6096774193548384,-0.05591397849462365,-0.014544108978592374,1
2023,3241,3326,11,-4.03125,0.0,0.00432715713860593,0
2023,3328,3339,-7,3.9054505005561735,0.082313681868743,0.0034469572222814993,1
2023,3387,3397,9,-9.735294117647058,-0.17647058823529416,-0.06561757711814098,0
2023,3187,3400,9,-8.479779411764707,-0.016544117647058876,-0.06111818398308594,0
2023,3235,3405,-7,0.23084677419354804,-0.16532258064516125,0.0022097959473617035,0
2023,3170,3417,9,1.2702205882352935,0.045955882352941124,0.10414357084787323,0
2023,3156,3437,9,4.7941176470588225,0.05882352941176472,0.0033046214007184105,0
2023,3208,3234,8,-7.46875,-0.15625,-0.10121705143040816,0
2023,3261,3276,-3,15.205376344086021,0.2236559139784946,0.05724145687127963,1
2023,3112,3268,5,-0.5301075268817215,-0.1064516129032258,0.001453694126626659,0
2023,3279,3390,7,-5.364613880742912,-0.10654936461388076,-0.05405053675885235,1
2023,3280,3323,8,-3.5666666666666664,-0.16666666666666674,-0.005810004662616608,0
2023,3376,3378,-7,18.625,0.1875,0.06777387456522627,1
2023,3343,3428,8,-4.444581280788178,-0.04064039408866993,-0.050342641920329556,0
2023,3355,3439,8,3.6089931573802563,-0.022482893450635366,0.011091816511204111,0
2023,3160,3181,3,-2.161290322580646,-0.06451612903225801,-0.01143016052182727,1
2023,3124,3163,5,-7.859582542694497,-0.24003795066413658,-0.09706902184499394,0
2023,3257,3400,1,-6.294117647058824,-0.05882352941176472,-0.00641558210187676,1
2023,3231,3274,-8,12.263440860215056,0.2870967741935484,0.1123529420509568,0
2023,3314,3326,3,-2.790322580645162,-0.10383064516129037,-0.005558829000135435,0
2023,3397,3405,-8,-1.4797794117647065,-0.19852941176470584,-0.017599493980105407,1
2023,3328,3417,1,0.5474383301707775,0.07115749525616688,0.04185209602530793,0
2023,3195,3437,8,7.9777183600713,0.08556149732620322,0.07135830490187689,0
2023,3160,3234,4,-5.993951612903226,-0.07056451612903225,-0.07138434307125852,0
2023,3257,3279,-3,-2.9544592030360537,-0.06546489563567359,-0.03166442093176902,1
2023,3261,3428,1,8.814942528735632,0.07126436781609202,0.013933072633636301,1
2023,3274,3437,5,-5.361480075901329,-0.21062618595825422,-0.06266485089383245,1
2023,3268,3323,-1,-5.903225806451612,-0.026881720430107614,-0.0760744527198064,1
2023,3163,3326,-1,4.617647058823529,0.0716911764705882,0.09634639099633524,0
2023,3376,3417,-3,22.020220588235293,0.2647058823529411,0.14027178548277525,1
2023,3397,3439,3,-5.775142314990513,-0.19449715370018972,-0.05122760292950146,0
2023,3234,3257,-3,6.658088235294118,0.13602941176470584,0.08027515578801125,1
2023,3261,3274,-6,19.463440860215055,0.3204301075268817,0.10088860447532966,1
2023,3268,3376,1,-20.246975806451612,-0.19354838709677424,-0.1364279144553216,0
2023,3326,3439,2,-2.951612903225806,-0.08971774193548387,-0.053594411520093976,0
2023,3234,3376,1,-14.15625,-0.1875,-0.031662227384745556,1
2023,3261,3439,2,10.915053763440861,0.062365591397849474,0.011779163904595935,1
2023,3234,3261,-1,-10.179166666666667,-0.12083333333333335,0.012846161445341786,0
2024,3342,3357,0,-11.96774193548387,-0.16129032258064524,-0.008274894916195208,1
2024,3162,3435,0,5.790878754171302,0.08342602892102335,0.06399474286213136,0
2024,3112,3120,0,-3.941532258064516,-0.11391129032258063,-0.027658857134388648,1
2024,3221,3404,0,5.290322580645161,0.12903225806451613,0.0037343948661368587,1
2024,3104,3199,-1,4.203598484848484,0.021780303030302983,0.03631393127325572,1
2024,3124,3435,-7,8.225806451612904,0.06451612903225801,0.0620937587214197,1
2024,3160,3179,-7,-0.16413662239089177,-0.14326375711574946,-0.02899647582617798,1
2024,3181,3350,-3,-1.925996204933588,-0.20777988614800758,-0.048885183519797926,1
2024,3235,3268,-3,1.612903225806452,0.05141129032258063,0.07462968031591088,1
2024,3243,3339,-9,10.722782258064516,0.16834677419354838,0.06833295481524837,1
2024,3261,3349,-11,19.575757575757578,0.2727272727272727,0.0714753955411524,1
2024,3257,3292,-5,-7.121212121212119,-0.1515151515151515,-0.08603398573872956,0
2024,3304,3401,-5,-1.0928641251221904,0.053763440860215006,-0.00327561294584644,1
2024,3277,3314,1,9.36774193548387,0.12043010752688166,0.041191326703424846,0
2024,3263,3326,13,-7.719958202716824,-0.10031347962382442,-0.06309135723135145,0
2024,3186,3333,11,-0.08770161290322598,0.06955645161290325,-0.07482229107367655,0
2024,3342,3376,15,-33.07258064516129,-0.4516129032258065,-0.1824648661749393,0
2024,3313,3390,13,-4.3675464320625625,-0.009775171065493637,-0.08320568245180815,0
2024,3180,3400,15,-21.299632352941178,-0.31985294117647056,-0.09454258891929035,0
2024,3267,3439,9,-0.9645161290322584,0.02580645161290329,-0.09043300064014237,0
2024,3163,3238,-11,12.529780564263325,0.05538140020898641,0.08565957286156439,1
2024,3166,3424,-3,-10.064583333333333,-0.10416666666666663,-0.025873051163749605,1
2024,3211,3414,-9,13.050830889540565,0.1671554252199413,0.12080716969772742,1
2024,3193,3231,9,1.229143492769742,0.14015572858731928,-0.00024375234377260746,0
2024,3221,3234,15,-15.649071358748778,-0.26588465298142716,-0.09052449949701963,0
2024,3242,3276,-1,-1.7321603128054743,0.006842619745845546,0.03914571116552795,1
2024,3266,3279,3,1.0322580645161281,0.0,0.03454834267410267,0
2024,3151,3301,11,-4.751515151515152,0.048484848484848464,0.019961765097797513,0
2024,3245,3323,13,-12.889008620689655,-0.15732758620689657,-0.06060718684066452,0
2024,3195,3328,7,9.35483870967742,0.16129032258064513,0.01807841404742433,0
2024,3112,3393,5,-4.8125,-0.23541666666666672,-0.030003812032764143,0
2024,3397,3453,-5,-10.11592741935484,-0.19959677419354838,-0.04282056170901216,1
2024,3417,3465,-13,6.741935483870968,-0.09677419354838712,0.03144719991385836,1
2024,3394,3425,15,-6.886499402628434,-0.13500597371565115,-0.011437550817788134,0
2024,3355,3428,7,-0.40000000000000036,0.16666666666666674,0.04760947414097566,0
2024,3343,3452,1,-3.1123470522803114,0.08787541713014457,-0.013641299559972064,0
2024,3124,3439,1,2.129032258064516,0.0,-0.03114123931237517,1
2024,3160,3243,1,-2.787298387096774,-0.07157258064516125,-0.052106096936363644,1
2024,3181,3326,5,-4.8509454949944395,-0.18242491657397109,0.011361538190078568,1
2024,3261,3292,-8,6.575757575757578,-0.030303030303030276,-0.03192325588275685,1
2024,3304,3333,3,-2.8670576735092865,-0.10752688172043012,-0.09749614663180611,0
2024,3314,3376,7,-22.717741935483872,-0.3870967741935484,-0.15576005267359577,0
2024,3235,3390,5,-11.690127077223853,-0.20332355816226788,-0.02985576020048597,0
2024,3104,3400,7,-11.487132352941178,-0.16360294117647056,-0.02736351466887421,0
2024,3163,3393,-3,13.90909090909091,0.08181818181818179,0.1127791422730442,1
2024,3211,3428,-1,7.212121212121211,0.24242424242424243,0.036708181652782945,1
2024,3231,3328,-1,7.480533926585095,0.11790878754171297,0.0846171299875626,1
2024,3234,3452,-7,4.068426197458454,0.10459433040078203,0.06792977636581099,1
2024,3301,3397,-3,7.527859237536657,0.2052785923753666,0.0264309149985561,1
2024,3279,3323,5,-8.599798387096774,-0.07056451612903225,-0.05328992039975444,0
2024,3166,3417,5,-6.001075268817205,0.026881720430107614,-0.011749788716696463,0
2024,3242,3425,7,-8.096774193548388,-0.22580645161290325,-0.008529050301983365,0
2024,3301,3390,1,-4.484848484848486,-0.030303030303030276,-0.047129700180425005,1
2024,3323,3333,-1,6.599798387096774,0.03830645161290325,-0.05074208096132171,0
2024,3231,3376,3,-14.301724137931034,-0.1724137931034483,-0.05217486525119902,0
2024,3211,3400,3,-1.9937611408199665,0.0267379679144385,0.021956779188600284,0
2024,3163,3181,-4,12.070381231671556,0.20332355816226788,0.052335845479688614,1
2024,3160,3234,4,-9.132942326490712,-0.16911045943304004,-0.07116314160814546,0
2024,3261,3417,1,7.18377321603128,0.04203323558162275,-0.004449169159193855,1
2024,3124,3425,4,2.67741935483871,-0.06451612903225812,0.02004586978920958,0
2024,3301,3400,2,-9.38770053475936,-0.06417112299465233,-0.020930718491399103,1
2024,3333,3376,2,-17.943548387096776,-0.22580645161290325,-0.05380089770545232,0
2024,3163,3425,2,10.392961876832846,0.009775171065493637,0.08672739794079176,1
2024,3234,3261,-2,-3.2121212121212146,0.030303030303030276,0.04753096714258126,1
2024,3163,3234,2,1.9696969696969724,-0.030303030303030276,0.009616963761559627,0
2024,3301,3376,2,-15.931818181818182,-0.18181818181818177,-0.11242581943055752,0
2024,3234,3376,0,-8.810606060606062,-0.12121212121212122,-0.055725420148327987,0
2025,3235,3343,0,0.18181818181818166,-0.08333333333333337,-0.010551782444622626,1
2025,3380,3471,0,-4.871212121212121,0.017045454545454586,-0.025960345402964824,1
2025,3162,3449,0,6.834051724137931,0.1993534482758621,-0.053363103375030474,1
2025,3219,3456,0,11.889583333333334,0.1958333333333333,0.07826047007426618,0
2025,3124,3213,-9,0.06433823529411598,-0.14338235294117652,-0.014447130373207717,1
2025,3181,3250,-13,4.914772727272727,-0.024621212121212155,-0.0016148218009325865,1
2025,3231,3428,1,-7.374193548387097,-0.12043010752688166,-0.020676898157476586,1
2025,3193,3243,7,-2.7917888563049864,0.08308895405669603,-0.033972184340172185,0
2025,3246,3251,-9,4.679310344827586,-0.04137931034482767,0.038644970588996075,1
2025,3257,3304,-3,-2.753024193548387,0.02116935483870963,-0.060007059065682156,1
2025,3235,3276,5,-2.2244318181818183,-0.02083333333333337,0.028228255126432178,0
2025,3123,3279,7,-6.466666666666665,0.12121212121212122,0.035270749377038,0
2025,3323,3372,-11,9.736895161290324,-0.005040322580645129,0.02496245568083194,1
2025,3286,3326,9,-0.16236559139784923,0.10322580645161283,-0.00018807942002729838,0
2025,3332,3435,3,-9.447916666666668,-0.054166666666666696,-0.011236926066062969,1
2025,3210,3350,1,-2.5284090909090917,-0.13068181818181823,-0.09902055592073106,0
2025,3376,3399,-15,13.899686520376175,0.08150470219435735,0.06573700874846256,1
2025,3192,3395,13,-8.627450980392156,-0.0117647058823529,-0.07891494919886322,0
2025,3378,3397,7,-11.22873900293255,-0.012707722385141729,-0.020618508530035218,0
2025,3380,3417,15,-21.71875,-0.375,-0.17174235692304007,0
2025,3104,3453,-7,4.30141129032258,-0.10181451612903225,0.07066632814249324,1
2025,3117,3163,13,-22.70392156862745,-0.2450980392156863,-0.1499139473894745,0
2025,3199,3206,-5,0.25806451612903203,-0.09677419354838712,-0.002792577479451719,1
2025,3166,3228,1,-0.90625,0.11250000000000004,0.017812825670265098,0
2025,3234,3293,-5,-6.53125,-0.09375,0.022952853436546572,1
2025,3261,3361,-11,12.319128787878789,0.1297348484848485,0.02582743475646132,1
2025,3268,3313,-9,-5.772916666666667,-0.10833333333333328,-0.01897926775067449,1
2025,3217,3277,3,1.430952380952382,0.15714285714285714,0.015774895796732802,0
2025,3143,3280,-1,-3.1297348484848477,0.10132575757575757,0.022569720894660028,0
2025,3301,3436,-13,1.71875,0.15625,-0.0207831985946339,1
2025,3314,3333,-11,12.098039215686276,0.24866310160427807,0.04915400960331362,1
2025,3195,3328,11,0.8447580645161281,0.12197580645161288,-0.010877328032167954,0
2025,3329,3355,-3,2.9419354838709673,-0.09354838709677427,-0.007773161113048599,0
2025,3400,3456,-15,28.185661764705884,0.4742647058823529,0.09138377631941397,1
2025,3422,3425,15,-14.427718040621267,-0.1254480286738351,-0.0695429370972312,0
2025,3162,3452,5,-5.490545050055617,0.018909899888765347,-0.028308761121142223,0
2025,3181,3332,-8,10.393939393939394,0.15454545454545454,0.055254335945766175,1
2025,3243,3246,1,7.347962382445141,0.02925809822361547,0.022894297187177393,1
2025,3124,3279,-1,0.503921568627451,0.12745098039215685,0.05147075082642616,0
2025,3276,3323,3,-10.174395161290324,-0.15120967741935487,-0.08566740302883885,0
2025,3231,3376,8,-16.501466275659823,-0.29618768328445744,-0.05173682249818706,0
2025,3257,3395,5,-15.39089184060721,-0.2343453510436433,-0.15382044368795827,0
2025,3326,3397,-1,-1.7408602150537629,0.0903225806451613,0.014879502353650043,0
2025,3350,3417,7,-5.877840909090908,-0.11931818181818177,0.002883008616547167,0
2025,3163,3355,-8,15.170588235294115,0.0117647058823529,0.05630564338252392,1
2025,3199,3261,3,-2.755620723362661,-0.10654936461388076,-0.020047997014624175,0
2025,3104,3268,1,5.011827956989247,-0.02473118279569897,0.06664709386824469,0
2025,3277,3301,5,4.127083333333333,-0.11250000000000004,-0.013838167408005975,0
2025,3314,3452,-3,-7.622390891840606,0.01992409867172673,0.007949532434522233,1
2025,3234,3328,3,-7.03125,-0.09375,-0.03611755657605836,0
2025,3228,3400,7,-13.529411764705884,-0.21176470588235297,-0.030663794072707806,0
2025,3280,3425,8,-9.331653225806452,-0.24697580645161288,-0.015180687941239779,0
2025,3181,3314,-1,2.9625668449197846,-0.0062388591800356386,-0.006901002228090813,1
2025,3261,3301,1,7.381628787878789,0.03598484848484851,0.006704143147666264,1
2025,3268,3376,3,-12.093939393939394,-0.14242424242424234,-0.0665467244927514,0
2025,3279,3417,4,-3.502083333333335,-0.27083333333333337,-0.10763462690835623,0
2025,3163,3328,-1,12.783088235294116,0.13051470588235292,0.06593107504094825,1
2025,3323,3395,1,2.2865275142315014,-0.07305502846299805,0.0005130810276340325,0
2025,3397,3400,4,-6.255218216318788,-0.20208728652751418,-0.043158343211672556,0
2025,3243,3425,4,-0.8856304985337253,-0.11534701857282503,0.05259544863547172,0
2025,3181,3376,1,-7.0,-0.12121212121212122,-0.05371526175718949,0
2025,3261,3417,2,-2.180871212121211,-0.08901515151515149,-0.06904273542057221,0
2025,3163,3425,1,7.357685009487664,0.008538899430740043,0.07445685603699509,1
2025,3395,3400,1,-2.7352941176470615,0.0,0.06846985002078537,0
2025,3163,3417,1,8.001838235294116,-0.02573529411764708,0.027986901793382757,1
2025,3376,3400,0,-0.3021390374331574,-0.002673796791443861,0.046081738813622874,1
2025,3163,3376,1,6.243315508021389,0.002673796791443861,0.051017187907285155,1
